INSERT  INTO `recipiente_entregas`(`id`,`recipiente`,`icono`,`descripcion`,`created_at`,`updated_at`) VALUES (1,'TAPER','icon-tupper',NULL,NULL,NULL),(2,'CANASTA','icon-baguette',NULL,NULL,NULL);
insert  into `tipo_clientes`(`id`,`tipo`,`descripcion`,`created_at`,`updated_at`) values (1,'LOCAL',NULL,NULL,NULL),(2,'URBANO',NULL,NULL,NULL),(3,'RESIDENCIAL',NULL,NULL,NULL),(4,'ESPECIAL',NULL,NULL,NULL);
INSERT  INTO `tipo_estado`(`id`,`estado`,`color`,`descripcion`,`created_at`,`updated_at`) VALUES (1,'PENDIENTE','bg-info',NULL,NULL,NULL),(2,'ANULADO','bg-danger',NULL,NULL,NULL),(3,'ENTREGADO','bg-warning',NULL,NULL,NULL);
INSERT  INTO `identificacions`(`id`,`identificacions`,`descripcion`,`created_at`,`updated_at`) VALUES (1,'RUC',NULL,NULL,NULL),(2,'DNI',NULL,NULL,NULL);
INSERT  INTO `turnos`(`id`,`turno`,`descripcion`,`created_at`,`updated_at`) VALUES (1,'MAÑANA',NULL,NULL,NULL),(2,'TARDE',NULL,NULL,NULL);
insert  into `pan_x_sols`(`id`,`cantidad`,`detalles`,`created_at`,`updated_at`) values (1,5,NULL,NULL,NULL),(2,6,NULL,NULL,NULL),(3,7,NULL,NULL,NULL),(4,8,NULL,NULL,NULL),(5,9,NULL,NULL,NULL),(6,10,NULL,NULL,NULL);
INSERT  INTO `cargos`(`id`,`cargo`,`descripcion`,`created_at`,`updated_at`) VALUES (1,'ADMINISTRADOR','ADMINISTRADOR DE LA EMPRESA',NULL,NULL),(2,'VENDEDOR','ATENCION AL PUBLICO',NULL,NULL),(3,'CAJERO','COBRANZAS',NULL,NULL),(4,'REPARTIDOR','ENTREGA DE PEDIDOS',NULL,NULL);
INSERT  INTO `categorias`(`id`,`categoria`,`descripcion`,`created_at`,`updated_at`) VALUES (1,'PANADERÍA',NULL,NULL,NULL),(2,'ABARROTES',NULL,NULL,NULL);
INSERT  INTO `users`(`id`,`name`,`aPaterno`,`aMaterno`,`dni`,`direccion`,`nCelular`,`fIngreso`,`avatar`,`user`,`ultimoLogeo`,`email`,`email_verified_at`,`cargos_id`,`password`,`users_id`,`remember_token`,`created_at`,`updated_at`) VALUES (1,'RONY JESÚS','AGUILERA','RIVERA','46261585','Calle las Gardenias Miraflores','962615854','2019-11-09','/storage/img/avatar/Rony/751.jpeg','Rony','2021-01-21 06:55:25','rony@hotmail.com','2021-01-21 06:55:25',1,'$2y$10$YXvjm/1aDUSm/.wanZ1h3ujSL4XBZyYStop5yO/eGFDpG.Exg2H2C',1,NULL,'2020-11-09 06:59:12','2021-01-21 06:55:25'),(2,'MANUEL','PEREZ','ALBELA','4652515','Calle los Girasoles Castilla - Piura','99964455','2020-11-24','/storage/img/avatar/Manuel/7Hjr2F8pht9aVsZdZJrn7x4KSuEbOUf2uKo5lGeK.png','Manuel',NULL,'manuel@gmail.com','2020-11-24 10:11:55',2,'$2y$10$YMK0XBWmIYGSkXdfHPtoqO./Uj0/jszA83ZzJMeXLbiEkbKTJWpuy',1,NULL,'2020-11-24 10:11:55','2020-11-24 10:11:55'),(3,'RAUL','CORDOVA','MARTINEZ','56688444','POR LA AV. MIRAFLORES CASTILLAS','96558844','2020-11-25','/storage/img/avatar/Raul/LB4juC5Br7TYkitEj7jaCIMSUGPsk8BMbejK7rwq.png','Raul','2020-11-25 07:57:49','raul@gmail.com','2020-11-25 07:57:49',2,'$2y$10$w5faQU9VSG3fJbSTWmk.wO8zUyzkbBQovchfwp54kmCyaHiwVjeDe',1,NULL,'2020-11-25 07:57:27','2020-11-25 07:57:49'),(4,'JAVIER','CARMONA','RIQUELME','4626551','POR UNA DIRECCION CUALQUIERA','965444','2020-12-07','/storage/img/avatar/Javier/OiQpeirwoFNsTczgA9wlQ3Kni0PlwvTATrF1rrSa.png','Javier',NULL,'javier@gmail.com','2020-12-07 07:23:53',3,'$2y$10$EK8.RyBb867AqbWFBVVzo.l28jXbRQxiv1GvwgrINarB3w63Mxi4K',1,NULL,'2020-12-07 07:23:53','2020-12-07 07:23:53');
INSERT  INTO `clientes`(`id`,`nombre_razon`,`direccion`,`documento_identi`,`alias`,`referencia`,`representante`,`nCelular`,`email`,`cumpleanos`,`tipoCliente_id`,`identificacion_id`,`users_id`,`created_at`,`updated_at`) VALUES (1,'GRUPO FUMINSUMOS SAC','AV. LOS FICUS CALLE 5 LOS GIRASOLES','20600149645','FUMINSUMOS','al costado del estadio','JUAN MARTINEZ','96455211','fuminsumos@gmail.com','2020-12-14',1,1,1,'2020-12-14 07:18:24','2020-12-14 07:18:24'),(2,'JORGE DE RIVA AGUERO','AV. LOS FICUS CALLE 5 LOS GIRASOLES','20600149645','LAS REJAS','al costado del estadio','JUAN MARTINEZ','96455211','fuminsumos@gmail.com','2020-12-14',1,1,1,'2020-12-14 07:18:24','2020-12-14 07:18:24'),(3,'RIVAS CISNERO CARLOS','AV. LOS FICUS CALLE 5 LOS GIRASOLES','20600149645','EL GALPON','al costado del estadio','JUAN MARTINEZ','96455211','fuminsumos@gmail.com','2020-12-14',1,1,1,'2020-12-14 07:18:24','2020-12-14 07:18:24'),(4,'JORGE MACALUPU SANCHES','AV. LOS FICUS CALLE 5 LOS GIRASOLES','20600149645','LAS REJITAS','al costado del estadio','JUAN MARTINEZ','96455211','fuminsumos@gmail.com','2020-12-14',1,1,1,'2020-12-14 07:18:24','2020-12-14 07:18:24'),(5,'MARCO SERRANO FIESTAS','AV. LOS FICUS CALLE 5 LOS GIRASOLES','20600149645','DON MICHAEL','al costado del estadio','JUAN MARTINEZ','96455211','fuminsumos@gmail.com','2020-12-14',1,1,1,'2020-12-14 07:18:24','2020-12-14 07:18:24');
INSERT  INTO `pedidos`(`id`,`fPedido`,`monto`,`observaciones`,`cliente_id`,`turno_id`,`users_id`,`estado_id`,`recipiente_id`,`created_at`,`updated_at`) VALUES (1,'2020-12-21',15.00,NULL,2,1,1,1,2,NULL,NULL),(3,'2020-12-21',25.00,NULL,5,1,1,2,1,NULL,NULL),(4,'2020-12-21',22.00,NULL,3,1,1,3,2,NULL,NULL);
insert  into `productos`(`id`,`nombre`,`presentacion`,`stock`,`imagen`,`pCompra`,`pVenta`,`descripcion`,`categoria_id`,`created_at`,`updated_at`) values (1,'FRANCES','UNIDAD',10,'',0.30,0.17,'PAN FRANCES',1,NULL,NULL),(2,'REDONDO','UNIDAD',30,'',0.30,0.14,NULL,1,NULL,NULL),(3,'CACHITO DE MANTECA','UNIDAD',0,'',NULL,0.14,NULL,1,NULL,NULL),(4,'ITALIANO','UNIDAD',0,'',NULL,0.14,NULL,1,NULL,NULL),(5,'CACHANGA','UNIDAD',0,'',NULL,0.14,NULL,1,NULL,NULL),(6,'CACHITO ANIS','UNIDAD',0,'',NULL,0.14,NULL,1,NULL,NULL),(7,'MICA','UNIDAD',0,'',NULL,0.00,NULL,1,NULL,NULL),(8,'COLIZA','',0,'',NULL,0.00,NULL,1,NULL,NULL),(9,'TOSTADA','',0,'',NULL,0.00,NULL,1,NULL,NULL),(10,'ROSQUITAS','',0,'',NULL,0.00,NULL,1,NULL,NULL);
INSERT  INTO `detalle_pedidos`(`cantidad`,`pedido_id`,`producto_id`,`created_at`,`updated_at`) VALUES (8,1,1,NULL,NULL),(30,1,2,NULL,NULL),(25,1,3,NULL,NULL),(30,3,1,NULL,NULL),(50,3,4,NULL,NULL),(60,3,5,NULL,NULL),(70,3,2,NULL,NULL),(15,4,6,NULL,NULL);
INSERT  INTO `proveedores`(`id`,`rason`,`ruc`,`direccion`,`contacto`,`email`,`nCelula`,`nFono`,`referencia`,`created_at`,`updated_at`) VALUES (1,'GRURO CONCORDIA','20601496455','LAS GARDENIAS','JAVIER PACHERREZ','concordia@gmail.com','96455554','3355999','POR UNA REFERENCIA',NULL,'2020-12-07 07:05:40');

insert  into `precio_ventas`(`tipclient_id`,`producto_id`,`preciop_id`) values (1,1,2),(1,2,3),(1,3,3),(1,4,3),(1,5,3),(1,6,3),(1,7,3),(1,8,3),(1,9,3),(1,10,3),(2,1,4),(2,2,6),(2,3,6),(2,4,6),(2,5,6),(2,6,6),(2,7,6),(2,8,6),(2,9,6),(2,10,4),(3,1,4),(3,2,4),(3,3,4),(3,4,4),(3,5,4),(3,6,4),(3,7,4),(3,8,4),(3,9,4),(3,10,4),(4,1,6),(4,2,6),(4,3,6),(4,4,6),(4,5,6),(4,6,6),(4,7,6),(4,8,6),(4,9,6),(4,10,6);
SELECT pv.tipclient_id,pv.producto_id, pxs.cantidad FROM precio_ventas pv INNER JOIN pan_x_sols pxs ON pxs.id=pv.preciop_id WHERE pv.tipclient_id  = 1



